Wall time,Step,Value
1710859411.675163,1789,0.8230332732200623
1710859501.379297,3579,0.8002443909645081
1710859588.7291813,5369,0.7926033139228821
1710859677.4479096,7159,0.7871267795562744
1710859766.8492057,8949,0.7875627279281616
1710859855.0317264,10739,0.7951059937477112
1710859942.895844,12529,0.7911161184310913
1710860029.967004,14319,0.7762451171875
1710860117.951421,16109,0.7765377759933472
1710860206.2141175,17899,0.7746978402137756
1710860294.7372687,19689,0.7708288431167603
1710860382.212171,21479,0.7681581974029541
1710860469.6275191,23269,0.7725810408592224
1710860559.0200698,25059,0.7692859172821045
1710860648.2978354,26849,0.7677620053291321
1710860738.5811722,28639,0.7691823244094849
1710860828.8788297,30429,0.769065260887146
1710860919.4640946,32219,0.7682895064353943
1710861008.6415498,34009,0.7686171531677246
1710861097.7002342,35799,0.7712115049362183
